Actual Life 3,Delilah (pull me out of this),Fred again..,House
Actual Life 3,Jungle,Fred again..,House
Boiler Room: London,Delilah (pull me out of this),Fred again..,UK Garage
Boiler Room: London,Jungle,Fred again..,UK Garage
Boiler Room: London,Rumble,Skrillex,UK Garage
Boiler Room: London,Leavemealone,Fred again..,UK Garage
Boiler Room: London,Flight fm,Joy Orbison,UK Garage
Boiler Room: London,Stayinit,Fred again..,UK Garage
Quest For Fire,Rumble,Skrillex,EDM
Ten Days,Places to Be,Fred again..,Future Bass
Ten Days,Strong,Fred again..,Future Bass
Ten Days,Mike (desert island statue),Fred again..,Future Bass
USB,Baby again..,Fred again..,UK Garage
USB,Turn On The Lights again..,Fred again..,UK Garage
USB,Delilah (pull me out of this),Fred again..,UK Garage
USB,Baddadan,Chase & Status,UK Garage
